item,group_column,group_A,group_B,n_X,n_Y,sigma,rep,rho_frobenius_change,alpha,beta,delta_alpha,delta_beta
ry9,grade,6,7,16103,14724,0.001,0,0.007264700850747525,48.90724587982469,2145.87690405814,0.005862701236502232,0.307673163398249
ry9,grade,6,7,16103,14724,0.001,1,0.00807744130055434,48.89166588597899,2147.4655505505457,0.009717292609202843,1.8963196558038362
ry9,grade,6,7,16103,14724,0.001,2,0.008576060860236689,48.895099264063184,2141.744278240486,0.006283914525006651,3.824952654255867
ry9,grade,6,7,16103,14724,0.001,3,0.006956230890465555,48.892258523280255,2141.446911919139,0.009124655307935825,4.122318975602866
ry9,grade,6,7,16103,14724,0.001,4,0.007594419701375548,48.85565704764084,2138.343159645181,0.045726130947350896,7.226071249560846
ry9,grade,6,7,16103,14724,0.001,5,0.006699378249238479,48.860045502367576,2137.5757177573014,0.04133767622061413,7.993513137440459
ry9,grade,6,7,16103,14724,0.001,6,0.007406571967622092,48.91643910473774,2146.5799978240234,0.015055926149550203,1.0107669292815444
ry9,grade,6,7,16103,14724,0.001,7,0.00874207687331475,48.858835738620364,2139.447523842821,0.042547439967826506,6.121707051921021
ry9,grade,6,7,16103,14724,0.001,8,0.006675439323530703,48.896441269191676,2142.313383059701,0.004941909396514177,3.2558478350406403
ry9,grade,6,7,16103,14724,0.001,9,0.008100035072191843,48.90107461536522,2144.6611145410257,0.0003085632229726798,0.9081163537161956
ry9,grade,6,7,16103,14724,0.001,10,0.008544891529357435,48.93094647404644,2149.995183865912,0.02956329545825298,4.425952971170318
ry9,grade,6,7,16103,14724,0.001,11,0.008776310723481465,48.91379427711225,2144.8698977333906,0.01241109852406197,0.6993331613512055
ry9,grade,6,7,16103,14724,0.001,12,0.008021189857802445,48.91276083520673,2147.469868281675,0.011377656618542176,1.9006373869333402
ry9,grade,6,7,16103,14724,0.001,13,0.009290915962879408,48.882364908829345,2142.7569951128585,0.019018269758845463,2.8122357818833734
ry9,grade,6,7,16103,14724,0.001,14,0.010106017268853877,48.85627907191572,2146.8588396860077,0.04510410667246845,1.2896087912658913
ry9,grade,6,7,16103,14724,0.001,15,0.007914703255656469,48.88868800598584,2143.3337604227877,0.012695172602349203,2.2354704719541587
ry9,grade,6,7,16103,14724,0.001,16,0.007175868873756419,48.880724136135754,2141.9364869165793,0.020659042452436438,3.63274397816258
ry9,grade,6,7,16103,14724,0.001,17,0.008124810128665672,48.886312558951836,2147.2112222588457,0.015070619636354365,1.6419913641038875
ry9,grade,6,7,16103,14724,0.001,18,0.00832252934714891,48.872995362074604,2146.3230231809857,0.028387816513586017,0.7537922862438791
ry9,grade,6,7,16103,14724,0.001,19,0.006692767169668255,48.86537434025004,2138.1329836363225,0.03600883833814805,7.436247258419371
ry9,grade,6,7,16103,14724,0.001,20,0.008437023465384897,48.86856772471638,2141.6694839947886,0.032815453871812394,3.899746899953243
ry9,grade,6,7,16103,14724,0.001,21,0.006925276759997058,48.88768884888288,2144.401772109949,0.013694329705309372,1.1674587847928706
ry9,grade,6,7,16103,14724,0.001,22,0.006734641128450941,48.8646494615675,2142.1579447390345,0.03673371702068806,3.41128615570733
ry9,grade,6,7,16103,14724,0.001,23,0.0070403922798308064,48.87902948732387,2143.8823908395493,0.022353691264321185,1.6868400551925333
ry9,grade,6,7,16103,14724,0.001,24,0.0055250521337865885,48.89156303157133,2139.362283473423,0.009820147016860403,6.206947421319001
ry9,grade,6,7,16103,14724,0.001,25,0.0071583312311007475,48.87682546430263,2139.5246858765568,0.024557714285563748,6.04454501818509
ry9,grade,6,7,16103,14724,0.001,26,0.007635268047539734,48.884671786258245,2141.016113777721,0.01671139232994534,4.5531171170209745
ry9,grade,6,7,16103,14724,0.001,27,0.007606349445548355,48.84740910371246,2141.0833868143536,0.05397407487573247,4.485844080388233
ry9,grade,6,7,16103,14724,0.001,28,0.0072121984505034336,48.86549188814451,2144.0931239750053,0.035891290443679225,1.4761069197365941
ry9,grade,6,7,16103,14724,0.001,29,0.006584664845794958,48.88706192677906,2142.3869237705544,0.01432125180912891,3.182307124187446
ry9,grade,6,7,16103,14724,0.001,30,0.006609478586815655,48.86731388050874,2132.917164431728,0.03406929807945147,12.652066463013853
ry9,grade,6,7,16103,14724,0.001,31,0.006723708341964783,48.88794843381649,2144.309428376435,0.01343474477170048,1.2598025183069694
ry9,grade,6,7,16103,14724,0.001,32,0.008290644735957977,48.89281687577897,2139.689177504431,0.008566302809221327,5.880053390310877
ry9,grade,6,7,16103,14724,0.001,33,0.008647723807678398,48.901334200298834,2144.87435474617,4.897828935668258e-05,0.6948761485718933
ry9,grade,6,7,16103,14724,0.001,34,0.007744881123910181,48.88114534942426,2143.5755533660467,0.02023782916393202,1.993677528695116
ry9,grade,6,7,16103,14724,0.001,35,0.00930374139460879,48.88832066881564,2145.590540987091,0.013062509772552744,0.021310092349267507
ry9,grade,6,7,16103,14724,0.001,36,0.007559839059939053,48.8529926286996,2136.7000540278823,0.048390549888587486,8.869176866859561
ry9,grade,6,7,16103,14724,0.001,37,0.00867693959616276,48.86846976813765,2141.403595326193,0.03291341045053997,4.165635568548623
ry9,grade,6,7,16103,14724,0.001,38,0.007464624979499301,48.87250068135206,2140.8141553861738,0.028882497236132565,4.755075508568098
ry9,grade,6,7,16103,14724,0.001,39,0.007515667118761774,48.858840636449294,2142.275219887781,0.04254254213889652,3.2940110069607726
ry9,grade,6,7,16103,14724,0.001,40,0.00790082644425838,48.83784854162921,2133.4798622950734,0.06353463695898398,12.089368599668433
ry9,grade,6,7,16103,14724,0.001,41,0.00791045727606396,48.89682329984869,2147.5406233595418,0.004559878739499368,1.9713924647999193
ry9,grade,6,7,16103,14724,0.001,42,0.005832175378255301,48.876766690355396,2139.3973824490577,0.02461648823279461,6.171848445684191
ry9,grade,6,7,16103,14724,0.001,43,0.006516352382255172,48.88242858060552,2138.722980702939,0.018954597982670407,6.8462501918029375
ry9,grade,6,7,16103,14724,0.001,44,0.006748821820284681,48.854613810077446,2134.560409330676,0.04676936851074487,11.008821564065784
ry9,grade,6,7,16103,14724,0.001,45,0.008414515553273471,48.86496782044835,2137.0319621982662,0.0364153581398412,8.537268696475621
ry9,grade,6,7,16103,14724,0.001,46,0.008886568430498872,48.86899873366275,2144.977283885034,0.0323844449254409,0.5919470097078374
ry9,grade,6,7,16103,14724,0.001,47,0.007172444697347974,48.89553027300956,2144.7492798250596,0.005852905578628054,0.8199510696822472
ry9,grade,6,7,16103,14724,0.001,48,0.008486941096882339,48.88430934691698,2145.1384327533237,0.017073831671211792,0.43079814141810857
ry9,grade,6,7,16103,14724,0.001,49,0.006962207115787482,48.86824936583553,2141.660569969231,0.03313381275265925,3.908660925510958
ry9,grade,6,7,16103,14724,0.001,50,0.007540593434197737,48.82838103829574,2130.7396351259003,0.07300214029245211,14.8295957688415
ry9,grade,6,7,16103,14724,0.001,51,0.008847459614944838,48.89402663952618,2147.003135474727,0.007356539062008949,1.4339045799852101
ry9,grade,6,7,16103,14724,0.001,52,0.008540033429755386,48.89770001122825,2144.2783685686313,0.003683167359938011,1.2908623261105276
ry9,grade,6,7,16103,14724,0.001,53,0.007636339957445794,48.868082839651706,2141.571290432002,0.033300338936484764,3.9979404627397344
ry9,grade,6,7,16103,14724,0.001,54,0.005936159793530045,48.86941015129339,2133.094330689692,0.03197302729480356,12.474900205049835
ry9,grade,6,7,16103,14724,0.001,55,0.008074836648625098,48.90089829352352,2143.624719788265,0.000484885064672369,1.9445111064769662
ry9,grade,6,7,16103,14724,0.001,56,0.007197354406640766,48.89586822320615,2146.141260628593,0.005514955382039943,0.5720297338511955
ry9,grade,6,7,16103,14724,0.001,57,0.0063873527445443825,48.895368644654674,2144.007465760659,0.006014533933516475,1.5617651340826342
ry9,grade,6,7,16103,14724,0.001,58,0.008533784269247984,48.92014186341343,2146.2571429608465,0.01875868482523657,0.6879120661046727
ry9,grade,6,7,16103,14724,0.001,59,0.007721345189077852,48.873078625166514,2143.363984540695,0.028304553421676815,2.2052463540467215
ry9,grade,6,7,16103,14724,0.001,60,0.008243184253987535,48.89930649911929,2146.0528167812604,0.002076679468899556,0.48358588651854006
ry9,grade,6,7,16103,14724,0.001,61,0.006912231613970203,48.89036796131092,2144.2585905744245,0.011015217277268619,1.3106403203173613
ry9,grade,6,7,16103,14724,0.001,62,0.007288276538120019,48.86430661354198,2141.8062585744437,0.03707656504621326,3.762972320298104
ry9,grade,6,7,16103,14724,0.001,63,0.007361583202715628,48.88217879132978,2143.3971335732385,0.019204387258412225,2.1720973215033155
ry9,grade,6,7,16103,14724,0.001,64,0.007541129572092309,48.91008662060763,2146.5263743890264,0.008703442019438512,0.9571434942845372
ry9,grade,6,7,16103,14724,0.001,65,0.007130514468093057,48.86989013852912,2142.4229977177342,0.03149304005906828,3.146233177007616
ry9,grade,6,7,16103,14724,0.001,66,0.007403688342404257,48.85155266699239,2139.701016444625,0.04983051159580043,5.868214450116739
ry9,grade,6,7,16103,14724,0.001,67,0.00879668552240476,48.88337386159018,2148.184104579506,0.018009316998011116,2.6148736847640066
ry9,grade,6,7,16103,14724,0.001,68,0.006783854699479306,48.89266504308195,2143.315235963425,0.008718135506242675,2.253994931316811
ry9,grade,6,7,16103,14724,0.001,69,0.0065007441772306634,48.88611174796546,2141.363482211182,0.015271430622732396,4.205748683559705
ry9,grade,6,7,16103,14724,0.001,70,0.007572687265502611,48.89459478768277,2147.488810585986,0.006788390905420272,1.9195796912440528
ry9,grade,6,7,16103,14724,0.001,71,0.007217987755182317,48.85001474870646,2133.5205325366815,0.051368429881733846,12.048698358060392
ry9,grade,6,7,16103,14724,0.001,72,0.007341375858244415,48.896093523337214,2139.2911105506087,0.005289655250976466,6.278120344133185
ry9,grade,6,7,16103,14724,0.001,73,0.007844284746580563,48.91625298723817,2145.702244869864,0.014869808649976335,0.13301397512213953
ry9,grade,6,7,16103,14724,0.001,74,0.009108282730285706,48.84199210490914,2141.3336759382228,0.05939107367905194,4.235554956519081
ry9,grade,6,7,16103,14724,0.001,75,0.006607649814762572,48.87348024713928,2142.516316422794,0.027902931448913648,3.0529144719480428
ry9,grade,6,7,16103,14724,0.001,76,0.0072893338672700226,48.86490414867218,2143.8053680874627,0.036479029916009154,1.7638628072791107
ry9,grade,6,7,16103,14724,0.001,77,0.007720043636946047,48.848158471539676,2141.9718644555123,0.05322470704851412,3.5973664392295177
ry9,grade,6,7,16103,14724,0.001,78,0.0075287658995963225,48.92544131432228,2149.136233934414,0.024058135734087216,3.5670030396722723
ry9,grade,6,7,16103,14724,0.001,79,0.009687529199706611,48.82941448020126,2138.2261630597327,0.07196869838693232,7.343067835009151
ry9,grade,6,7,16103,14724,0.001,80,0.00840348002259431,48.886508472109284,2137.7087317324235,0.014874706478906319,7.86049916231832
ry9,grade,6,7,16103,14724,0.001,81,0.006793367770953527,48.8678379482049,2142.058219078105,0.03354523038328949,3.51101181663671
ry9,grade,6,7,16103,14724,0.001,82,0.007781664285187504,48.89967873411843,2144.436174677337,0.0017044444697589256,1.1330562174048282
ry9,grade,6,7,16103,14724,0.001,83,0.00666404664607142,48.896230662547424,2141.737871284616,0.005152516040766386,3.8313596101256735
ry9,grade,6,7,16103,14724,0.001,84,0.009477460012919721,48.85875247552845,2143.2092426282748,0.042630703059742814,2.3599882664670986
ry9,grade,6,7,16103,14724,0.001,85,0.006414460465461834,48.87648751410604,2141.173641323128,0.024895664482151858,4.395589571613982
ry9,grade,6,7,16103,14724,0.001,86,0.008060299494094592,48.873328414442256,2145.2625327028886,0.028054764145934996,0.3066981918532292
ry9,grade,6,7,16103,14724,0.001,87,0.009435968271985118,48.859893669670555,2145.259607788252,0.041489508917635476,0.30962310648965286
ry9,grade,6,7,16103,14724,0.001,88,0.007810155627285605,48.81728745575549,2131.2170926198482,0.08409572283269995,14.352138274893605
ry9,grade,6,7,16103,14724,0.001,89,0.007480360045872869,48.897719602543994,2145.629957693855,0.003663576044196759,0.06072679911312662
ry9,grade,6,7,16103,14724,0.001,90,0.008641732155706976,48.87298066858779,2141.6722696277757,0.028402510000397285,3.896961266966173
ry9,grade,6,7,16103,14724,0.001,91,0.008594642803789026,48.90338149279412,2148.6937361344517,0.001998314205927443,3.1245052397098334
ry9,grade,6,7,16103,14724,0.001,92,0.006505822931335086,48.853516696395765,2137.2230566211647,0.04786648219242551,8.346174273577162
ry9,grade,6,7,16103,14724,0.001,93,0.008028217586445594,48.887958229474364,2145.275625177927,0.013424949113826301,0.2936057168149091
ry9,grade,6,7,16103,14724,0.001,94,0.006838849427107431,48.88903085401137,2140.148667665613,0.012352324576824003,5.420563229128675
ry9,grade,6,7,16103,14724,0.001,95,0.008359432365137342,48.84872172186733,2142.939593355147,0.05266145672086253,2.6296375395950236
ry9,grade,6,7,16103,14724,0.001,96,0.007229729696255984,48.867127763009165,2137.3318355893016,0.03425541557902534,8.237395305440259
ry9,grade,6,7,16103,14724,0.001,97,0.008638215102680716,48.88031761633406,2144.146329565054,0.02106556225412959,1.4229013296876474
ry9,grade,6,7,16103,14724,0.001,98,0.007653781916483054,48.845753637532056,2137.2272350706453,0.05562954105613471,8.341995824096557
ry9,grade,6,7,16103,14724,0.001,99,0.006694377668723925,48.878941326403016,2140.4123278278194,0.022441852185174582,5.156903066922496
ry9,grade,6,7,16103,14724,0.005,0,0.0290731768323,49.09569474596978,2176.3962990621644,0.1943115673815896,30.827068167422567
ry9,grade,6,7,16103,14724,0.005,1,0.021591516360961065,48.86651063656322,2124.977831855882,0.0348725420249707,20.59139903885989
ry9,grade,6,7,16103,14724,0.005,2,0.020266819711865426,48.42104819699669,2107.319007943938,0.480334981591497,38.25022295080407
ry9,grade,6,7,16103,14724,0.005,3,0.016044745770023718,48.82497704718516,2143.2663481045056,0.07640613140303287,2.3028827902362536
ry9,grade,6,7,16103,14724,0.005,4,0.021407003692351996,48.776640373414864,2125.5369083963446,0.12474280517332659,20.032322498397207
ry9,grade,6,7,16103,14724,0.005,5,0.027336805881616626,48.88631745678077,2152.228982958074,0.015065721807417276,6.659752063332235
ry9,grade,6,7,16103,14724,0.005,6,0.021210990814512064,48.73858914041036,2137.3744557740006,0.16279403817782878,8.19477512074127
ry9,grade,6,7,16103,14724,0.005,7,0.014959632133182445,49.048925377459035,2153.920558589344,0.14754219887084474,8.351327694602332
ry9,grade,6,7,16103,14724,0.005,8,0.02284707390911747,48.70425046173942,2129.64599561526,0.19713271684877043,15.923235279482014
ry9,grade,6,7,16103,14724,0.005,9,0.0248781463598561,49.15022717334423,2161.9066897993694,0.24884399475603658,16.33745890462751
ry9,grade,6,7,16103,14724,0.005,10,0.024231760420212373,48.74819868078298,2144.8207313111725,0.15318449780521348,0.7484995835693553
ry9,grade,6,7,16103,14724,0.005,11,0.01818224064956283,48.63454945814989,2112.4447119214074,0.26683372043829934,33.12451897333449
ry9,grade,6,7,16103,14724,0.005,12,0.024671017296864623,49.06016099703843,2151.5033255649973,0.15877781845023975,5.93409467025549
ry9,grade,6,7,16103,14724,0.005,13,0.017930730766951602,48.95845268135154,2152.43330913766,0.05706950276334766,6.864078242918367
ry9,grade,6,7,16103,14724,0.005,14,0.01726890201602041,49.04556056897994,2152.3238337612765,0.14417739039174648,6.754602866534697
ry9,grade,6,7,16103,14724,0.005,15,0.01950049715508705,49.15383687327013,2179.9837765042903,0.25245369468193957,34.41454560954844
ry9,grade,6,7,16103,14724,0.005,16,0.027207268631731427,49.02347136047816,2148.928564995244,0.12208818188997128,3.3593341005021102
ry9,grade,6,7,16103,14724,0.005,17,0.017192265355211563,49.05965162282908,2148.735242065956,0.15826844424088904,3.166011171213995
ry9,grade,6,7,16103,14724,0.005,18,0.02496249694296123,48.43857752675897,2096.8380638308818,0.4628056518292212,48.731167063860084
ry9,grade,6,7,16103,14724,0.005,19,0.02348032880529533,48.91922107157344,2160.3787701060774,0.017837892985248516,14.809539211335505
ry9,grade,6,7,16103,14724,0.005,20,0.023601767128466112,48.58856864009786,2102.3516672017713,0.31281453849032914,43.21756369297054
ry9,grade,6,7,16103,14724,0.005,21,0.01181089614499255,48.977426870649964,2152.006410882424,0.07604369206177353,6.437179987682157
ry9,grade,6,7,16103,14724,0.005,22,0.015212025880991896,48.678012792128776,2110.3382162567445,0.22337038645941476,35.231014637997305
ry9,grade,6,7,16103,14724,0.005,23,0.015085703102558672,48.956052745172855,2155.834288451316,0.05466956658466415,10.265057556573993
ry9,grade,6,7,16103,14724,0.005,24,0.02671579664785133,48.87621813351455,2156.1652216501548,0.025165045073642034,10.595990755412913
ry9,grade,6,7,16103,14724,0.005,25,0.02003063227094007,48.70820790751978,2116.1569857213444,0.19317527106841226,29.412245173397423
ry9,grade,6,7,16103,14724,0.005,26,0.01937725404863447,48.72210304821147,2122.077987916562,0.17928013037671775,23.4912429781798
ry9,grade,6,7,16103,14724,0.005,27,0.018270713677721255,48.89551068169382,2129.4118631627143,0.005872496894369306,16.157367732027524
ry9,grade,6,7,16103,14724,0.005,28,0.019117484394051053,48.733284791672574,2115.9332993924995,0.16809838691561652,29.63593150224233
ry9,grade,6,7,16103,14724,0.005,29,0.013042415901390082,48.93896911784376,2148.366424258496,0.03758593925557108,2.797193363754104
ry9,grade,6,7,16103,14724,0.005,30,0.017839483564735137,48.79816143376005,2128.4758904791297,0.10322174482814006,17.093340415612147
ry9,grade,6,7,16103,14724,0.005,31,0.018050343274111962,49.005310210783136,2164.7200398344476,0.10392703219494592,19.150808939705712
ry9,grade,6,7,16103,14724,0.005,32,0.023481921177188336,48.901936633257975,2158.2225508925994,0.0005534546697845144,12.65331999785758
ry9,grade,6,7,16103,14724,0.005,33,0.012435097863773427,48.741180091917556,2121.926449482077,0.16020308667063432,23.642781412665045
ry9,grade,6,7,16103,14724,0.005,34,0.01993146710622643,48.89278259097642,2138.144961858166,0.008600587611773847,7.424269036575879
ry9,grade,6,7,16103,14724,0.005,35,0.02474718227981439,48.850876766599214,2142.6700833636683,0.05050641198897665,2.899147531073595
ry9,grade,6,7,16103,14724,0.005,36,0.014815427291999203,48.8404394931364,2130.074286686989,0.06094368545178952,15.494944207752724
ry9,grade,6,7,16103,14724,0.005,37,0.015432026062912295,48.76690838731885,2133.8131632819513,0.1344747912693407,11.756067612790503
ry9,grade,6,7,16103,14724,0.005,38,0.019806453203680813,49.0462609585178,2165.3582283517367,0.14487777992960815,19.78899745699482
ry9,grade,6,7,16103,14724,0.005,39,0.023061776940618547,48.703579459175174,2126.8982472370226,0.19780371941301667,18.670983657719262
ry9,grade,6,7,16103,14724,0.005,40,0.022064994205475905,48.88929533677392,2132.333295757682,0.012087841814270917,13.235935137059641
ry9,grade,6,7,16103,14724,0.005,41,0.028652062870376638,48.7027272369403,2118.9857960194995,0.19865594164789258,26.583434875242347
ry9,grade,6,7,16103,14724,0.005,42,0.032266745000532664,48.77178172711026,2157.9991431270532,0.12960145147793156,12.42991223231138
ry9,grade,6,7,16103,14724,0.005,43,0.023374426413247055,49.08053596541257,2187.2091513456044,0.17915278682438185,41.63992045086252
ry9,grade,6,7,16103,14724,0.005,44,0.02348333192153057,48.70824219232233,2122.3816219121295,0.19314098626585974,23.187608982612346
ry9,grade,6,7,16103,14724,0.005,45,0.02174163955630206,48.74720442150895,2147.971560782609,0.15417875707924367,2.4023298878669266
ry9,grade,6,7,16103,14724,0.005,46,0.03385965275851904,48.97409634697342,2178.7709119018123,0.07271316838522779,33.20168100707042
ry9,grade,6,7,16103,14724,0.005,47,0.021955894499132506,48.684781591718455,2119.4626963868495,0.21660158686973574,26.10653450789232
ry9,grade,6,7,16103,14724,0.005,48,0.01932863986535131,48.73016487464028,2116.3365197673475,0.17121830394791004,29.232711127394396
ry9,grade,6,7,16103,14724,0.005,49,0.022951168505188826,48.850568203376234,2115.793739179858,0.05081497521195644,29.77549171488363
ry9,grade,6,7,16103,14724,0.005,50,0.024330866419318142,48.96926218981349,2146.439880484784,0.06787901122530116,0.8706495900423761
ry9,grade,6,7,16103,14724,0.005,51,0.024216130332437413,49.05778065217549,2173.3312670867235,0.1563974735872975,27.76203619198168
ry9,grade,6,7,16103,14724,0.005,52,0.01862973708683471,48.829228362701684,2133.2007418697904,0.07215481588650619,12.368489024951486
ry9,grade,6,7,16103,14724,0.005,53,0.018654794686017412,48.97341065092237,2155.1118345361742,0.07202747233417739,9.542603641432379
ry9,grade,6,7,16103,14724,0.005,54,0.017576925657539617,48.78633317687939,2144.231848497751,0.11505000170880209,1.3373823969909608
ry9,grade,6,7,16103,14724,0.005,55,0.01938911122750077,48.83249031677312,2161.2739332664046,0.06889286181507259,15.704702371662734
ry9,grade,6,7,16103,14724,0.005,56,0.02378201289636352,48.910816397119106,2156.5252647137063,0.00943321853091561,10.956033818964443
ry9,grade,6,7,16103,14724,0.005,57,0.015138302535046794,48.80264784506551,2129.1593455324555,0.09873533352268282,16.40988536228633
ry9,grade,6,7,16103,14724,0.005,58,0.024698336282442983,48.45563666494338,2094.6174964954075,0.44574651364481355,50.95173439933433
ry9,grade,6,7,16103,14724,0.005,59,0.020240681533254787,48.91647338954029,2157.458591045953,0.015090210952102723,11.88936015121135
ry9,grade,6,7,16103,14724,0.005,60,0.021493475114048203,48.86072140276075,2156.5688598699508,0.04066177582743791,10.999628975208907
ry9,grade,6,7,16103,14724,0.005,61,0.022693053283533667,48.8315107509859,2135.959632779975,0.06987242760229151,9.609598114766868
ry9,grade,6,7,16103,14724,0.005,62,0.02376027407602036,48.82717617237746,2129.4686900756465,0.0742070062107274,16.100540819095386
ry9,grade,6,7,16103,14724,0.005,63,0.01712778284132097,48.86576616656493,2143.9101078877684,0.035617012023259065,1.6591230069734593
ry9,grade,6,7,16103,14724,0.005,64,0.025428256901884633,49.05636517961296,2179.0976666511706,0.15498200102477,33.528435756428735
ry9,grade,6,7,16103,14724,0.005,65,0.013573985486302457,48.75290549439056,2121.956255755036,0.14847768419762986,23.612975139705668
ry9,grade,6,7,16103,14724,0.005,66,0.023613820521611796,48.78726866220618,2138.1611185294896,0.11411451638200987,7.4081123652522365
ry9,grade,6,7,16103,14724,0.005,67,0.021130951531081882,48.841507219844466,2138.9112894928508,0.05987595874372431,6.657941401891094
ry9,grade,6,7,16103,14724,0.005,68,0.019787663554181333,48.95025371571252,2139.1061445202813,0.04887053712432987,6.463086374460545
ry9,grade,6,7,16103,14724,0.005,69,0.021477306528201658,48.63256093960184,2133.0806810880567,0.2688222389863526,12.488549806685114
ry9,grade,6,7,16103,14724,0.005,70,0.026940237069812686,48.84910375252434,2157.1049549382715,0.05227942606384772,11.535724043529626
ry9,grade,6,7,16103,14724,0.005,71,0.023312835384321058,48.84407858003591,2126.9144039083462,0.05730459855227821,18.65482698639562
ry9,grade,6,7,16103,14724,0.005,72,0.01981494035196617,48.74868356584765,2143.86748770307,0.1526996127405411,1.7017431916719943
ry9,grade,6,7,16103,14724,0.005,73,0.011783224637765523,48.90167215049542,2138.239951943018,0.00028897190723142785,7.3292789517240635
ry9,grade,6,7,16103,14724,0.005,74,0.018852371595086924,48.826407213234496,2127.723769572678,0.07497596535369411,17.845461322063784
ry9,grade,6,7,16103,14724,0.005,75,0.02426862526764378,48.96650471212247,2150.0770814757257,0.06512153353428118,4.507850580983813
ry9,grade,6,7,16103,14724,0.005,76,0.01771313867433177,48.963659073510605,2147.851082155927,0.06227589492241492,2.2818512611852384
ry9,grade,6,7,16103,14724,0.005,77,0.021035264103626057,48.903131703518376,2148.009584672879,0.0017485249301856243,2.4403537781372506
ry9,grade,6,7,16103,14724,0.005,78,0.02588321515638556,48.279496042914694,2084.1429593382213,0.6218871356734965,61.42627155652053
ry9,grade,6,7,16103,14724,0.005,79,0.012105645166721812,48.86396376551645,2141.880077848595,0.03741941307173846,3.6891530461466573
ry9,grade,6,7,16103,14724,0.005,80,0.015416239237912863,48.907319347258735,2135.876760198616,0.005936168670544362,9.692470696125838
ry9,grade,6,7,16103,14724,0.005,81,0.021792948835613963,48.92377115465507,2153.5144132998603,0.02238797606688081,7.94518240511843
ry9,grade,6,7,16103,14724,0.005,82,0.02731667974112156,48.87648751410604,2147.5076136086473,0.024895664482151858,1.938382713905412
ry9,grade,6,7,16103,14724,0.005,83,0.01709851240704949,48.720124325321294,2124.4406225343664,0.18125885326689684,21.128608360375438
ry9,grade,6,7,16103,14724,0.005,84,0.020080696811781675,48.95557275793712,2171.1106997512493,0.054189579348928874,25.541468856507436
ry9,grade,6,7,16103,14724,0.005,85,0.020006420636711004,48.86905750760999,2143.8254246449683,0.032325670978202936,1.74380624977357
ry9,grade,6,7,16103,14724,0.005,86,0.026006848461237676,48.69373482301363,2121.6459362403,0.20764835557456252,23.923294654441634
ry9,grade,6,7,16103,14724,0.005,87,0.021574260184321264,49.10453532719942,2162.0724349620873,0.2031521486112311,16.50320406734545
ry9,grade,6,7,16103,14724,0.005,88,0.012753640657101098,48.844068784378045,2125.388852003093,0.05731439421014528,20.18037889164907
ry9,grade,6,7,16103,14724,0.005,89,0.01868456929304678,48.95765923306389,2154.264027136624,0.05627605447570261,8.694796241882159
ry9,grade,6,7,16103,14724,0.005,90,0.020552332211077762,48.93231786614855,2164.4694721472792,0.030934687560360885,18.9002412525374
ry9,grade,6,7,16103,14724,0.005,91,0.016934976137407028,48.911090675539526,2138.9959727356513,0.00970749695133577,6.573258159090528
ry9,grade,6,7,16103,14724,0.005,92,0.02008312024852248,48.98100228577331,2161.0742033812467,0.07961910718511689,15.504972486504812
ry9,grade,6,7,16103,14724,0.005,93,0.02100914011229018,48.92183651222531,2161.194542726279,0.020453333637121318,15.625311831537147
ry9,grade,6,7,16103,14724,0.005,94,0.009893033435478558,48.84593485720269,2134.3262768781306,0.055448321385497934,11.242954016611293
ry9,grade,6,7,16103,14724,0.005,95,0.019896758814949705,48.681906566132966,2134.8969137954887,0.21947661245522454,10.672317099253178
ry9,grade,6,7,16103,14724,0.005,96,0.0201966020457072,48.95184061228782,2149.197935705073,0.050457433699627074,3.628704810331328
ry9,grade,6,7,16103,14724,0.005,97,0.02407843055676348,48.85042616633709,2144.984944375748,0.050957012251103606,0.5842865189938493
ry9,grade,6,7,16103,14724,0.005,98,0.01745805261295294,48.698921623856954,2112.134392406671,0.2024615547312365,33.43483848807091
ry9,grade,6,7,16103,14724,0.005,99,0.016273968418536868,48.81934454390865,2155.478841682193,0.08203863467954164,9.909610787451129
ry9,grade,6,7,16103,14724,0.01,0,0.049200659859200975,48.37455800473531,2111.3661148288957,0.5268251738528775,34.20311606584619
ry9,grade,6,7,16103,14724,0.01,1,0.030235937925644274,48.81474058470872,2173.916250013964,0.08664259387946771,28.347019119222296
ry9,grade,6,7,16103,14724,0.01,2,0.03440552631746159,48.77740933255783,2119.615906201127,0.12397384603035988,25.95332469361483
ry9,grade,6,7,16103,14724,0.01,3,0.04378156784013313,48.41731605134739,2097.030968915222,0.4840671272407988,48.53826197952003
ry9,grade,6,7,16103,14724,0.01,4,0.030586128769308545,48.221936757257744,2082.285081417636,0.6794464213304465,63.284149477105984
ry9,grade,6,7,16103,14724,0.01,5,0.047472324199665766,48.8165282922704,2175.2026553272954,0.08485488631779248,29.63342443255351
ry9,grade,6,7,16103,14724,0.01,6,0.031439806041347586,49.038194234260054,2175.7351290727333,0.13681105567186336,30.165898177991494
ry9,grade,6,7,16103,14724,0.01,7,0.033923475076704054,48.94045805784034,2137.7879829908998,0.03907487925214781,7.781247903842086
ry9,grade,6,7,16103,14724,0.01,8,0.03712444434276064,48.74897743558381,2140.834490506978,0.1524057430043797,4.73474038776385
ry9,grade,6,7,16103,14724,0.01,9,0.031018042158552212,48.95401524833544,2136.951735968245,0.0526320697472471,8.617494926496875
ry9,grade,6,7,16103,14724,0.01,10,0.032481616525199215,48.937803434556976,2131.632012653241,0.0364202559687854,13.937218241500887
ry9,grade,6,7,16103,14724,0.01,11,0.04160105503224699,48.617387465557826,2110.4797264124772,0.2839957130303645,35.0895044822646
ry9,grade,6,7,16103,14724,0.01,12,0.04593931567239938,48.9460709698011,2137.3645667768974,0.04468779121290822,8.204664117844459
ry9,grade,6,7,16103,14724,0.01,13,0.04001390258859075,48.9434653248071,2146.89658501298,0.0420821462189096,1.3273541182379631
ry9,grade,6,7,16103,14724,0.01,14,0.049486780751116545,49.09348092729066,2193.852607455964,0.19209774870247287,48.28337656122221
ry9,grade,6,7,16103,14724,0.01,15,0.04423207137716849,48.603232739932515,2151.910585107676,0.29815043865567503,6.34135421293422
ry9,grade,6,7,16103,14724,0.01,16,0.04201158313863965,48.869870547213374,2145.5741057524688,0.031512631374816635,0.0048748577269179805
ry9,grade,6,7,16103,14724,0.01,17,0.04015553849917457,49.368929928827555,2211.694586736794,0.46754675023936443,66.12535584205216
ry9,grade,6,7,16103,14724,0.01,18,0.02548449064310206,49.05804513493804,2171.760309363785,0.15666195634985058,26.191078469043077
ry9,grade,6,7,16103,14724,0.01,19,0.041278429341332606,48.505687578841304,2097.188635742278,0.39569559974688673,48.380595152463684
ry9,grade,6,7,16103,14724,0.01,20,0.022155433426174556,48.84507773713888,2122.530513995277,0.05630544144931093,23.038716899464816
ry9,grade,6,7,16103,14724,0.01,21,0.048558856843272644,48.950439833212094,2186.4471414420495,0.04905665462390374,40.87791054730769
ry9,grade,6,7,16103,14724,0.01,22,0.041699367947835984,48.8148189499717,2170.810129951967,0.08656422861648849,25.240899057225306
ry9,grade,6,7,16103,14724,0.01,23,0.05598798751776699,48.844989576218026,2165.4060019574613,0.05639360237016433,19.836771062719436
ry9,grade,6,7,16103,14724,0.01,24,0.0474952605183196,48.343990654345156,2097.2993646535056,0.5573925242430349,48.269866241236286
ry9,grade,6,7,16103,14724,0.01,25,0.03953092225875207,49.06855587583489,2191.5009760884577,0.16717269724669848,45.93174519371587
ry9,grade,6,7,16103,14724,0.01,26,0.038987385290607635,48.7319036039126,2107.4204049846594,0.1694795746755915,38.14882591008245
ry9,grade,6,7,16103,14724,0.01,27,0.033028606683532566,49.362048479172344,2211.602800129877,0.46066530058415367,66.03356923513502
ry9,grade,6,7,16103,14724,0.01,28,0.043404560806197444,48.53405090621022,2097.2035388787576,0.36733227237797195,48.36569201598422
ry9,grade,6,7,16103,14724,0.01,29,0.05026142268410266,48.808535035446695,2153.1081287287266,0.09284814314149514,7.53889783398472
ry9,grade,6,7,16103,14724,0.01,30,0.02504251354753033,48.78910534805722,2128.495529191687,0.11227783053097085,17.073701703054667
ry9,grade,6,7,16103,14724,0.01,31,0.027045053397355634,49.21944818969802,2187.5640409881303,0.3180650111098302,41.99481009338842
ry9,grade,6,7,16103,14724,0.01,32,0.05274437067276334,49.100401559577364,2170.5863043414734,0.19901838098917324,25.0170734467315
ry9,grade,6,7,16103,14724,0.01,33,0.04059636226074608,48.106000248511506,2074.1779144543316,0.7953829300766841,71.39131644041026
ry9,grade,6,7,16103,14724,0.01,34,0.03267136188418804,49.179976586302054,2207.2605554299616,0.27859340771386343,61.69132453521979
ry9,grade,6,7,16103,14724,0.01,35,0.044975632470500564,48.77658649729656,2174.7848103792667,0.12479668129162746,29.215579484524824
ry9,grade,6,7,16103,14724,0.01,36,0.04079829106864623,48.117113422367495,2075.8370374613046,0.7842697562206951,69.73219343343726
ry9,grade,6,7,16103,14724,0.01,37,0.02972376392988451,48.91823171012835,2162.601148102993,0.016848531540162526,17.031917208251343
ry9,grade,6,7,16103,14724,0.01,38,0.03166054832982556,48.73466597943255,2137.1550871762856,0.16671719915564154,8.414143718456216
ry9,grade,6,7,16103,14724,0.01,39,0.0493935332159311,48.90284273161115,2175.993217968966,0.0014595530229613018,30.423987074223987
ry9,grade,6,7,16103,14724,0.01,40,0.03570442834075219,48.52894736845881,2102.538304611891,0.37243581012938165,43.03092628285094
ry9,grade,6,7,16103,14724,0.01,41,0.035690996466301424,48.663035231242205,2108.8399635547626,0.23834794734598574,36.72926733997929
ry9,grade,6,7,16103,14724,0.01,42,0.050964382326018305,48.84906456989285,2120.7789079731406,0.05231860869533733,24.790322921601273
ry9,grade,6,7,16103,14724,0.01,43,0.05387093126726882,49.03612245262009,2140.7814241985784,0.1347392740319009,4.787806696163443
ry9,grade,6,7,16103,14724,0.01,44,0.033059166610390975,48.880234353242145,2133.630704321312,0.021148825346045896,11.938526573429954
ry9,grade,6,7,16103,14724,0.01,45,0.03571475607633682,48.53665165337528,2130.0805543612096,0.3647315252129104,15.48867653353227
ry9,grade,6,7,16103,14724,0.01,46,0.04394855859630857,48.73750182238655,2123.180959297709,0.16388135620164235,22.388271597033054
ry9,grade,6,7,16103,14724,0.01,47,0.02339031826529628,48.516203217567096,2108.690235781719,0.38517996102109464,36.87899511302294
ry9,grade,6,7,16103,14724,0.01,48,0.02687989356013335,48.63110628440782,2125.0510940034364,0.2702768941803697,20.518136891305403
ry9,grade,6,7,16103,14724,0.01,49,0.04340193743181364,49.43762687748518,2232.961083930019,0.536243698896989,87.39185303527711
ry9,grade,6,7,16103,14724,0.01,50,0.03194312231636832,48.076921838117926,2070.973600829548,0.8244613404702648,74.59563006519375
ry9,grade,6,7,16103,14724,0.01,51,0.03270393243496624,48.90662385554981,2142.5893000070496,0.0052406769616197835,2.9799308876922623
ry9,grade,6,7,16103,14724,0.01,52,0.02726802862984232,49.3290664991167,2218.6805364228876,0.42768332052850866,73.11130552814575
ry9,grade,6,7,16103,14724,0.01,53,0.03113117008523996,49.12805470175054,2162.3075423861783,0.22667152316235217,16.738311491436434
ry9,grade,6,7,16103,14724,0.01,54,0.031569820646552046,48.559034731613224,2100.505210376432,0.3423484469749667,45.06402051830992
ry9,grade,6,7,16103,14724,0.01,55,0.04302601537675535,49.24254635096063,2206.4904671907448,0.34116317237243976,60.92123629600292
ry9,grade,6,7,16103,14724,0.01,56,0.032693121281190556,48.94230943717818,2155.285658034554,0.040926258589990994,9.716427139812367
ry9,grade,6,7,16103,14724,0.01,57,0.05393327738486847,49.29195075143899,2217.3739352704015,0.3905675728507987,71.80470437565964
ry9,grade,6,7,16103,14724,0.01,58,0.0462118795519445,48.772511503621736,2169.9723508311695,0.12887167496645446,24.40311993642763
ry9,grade,6,7,16103,14724,0.01,59,0.030292501779846506,48.52675314109544,2099.4933291939556,0.37463003749275003,46.07590170078629
ry9,grade,6,7,16103,14724,0.01,60,0.05185407598633155,49.15845062812793,2173.350070109385,0.2570674495397398,27.780839214643038
ry9,grade,6,7,16103,14724,0.01,61,0.040976289685505735,48.319579874927676,2089.5086455975083,0.5818033036605144,56.0605852972335
ry9,grade,6,7,16103,14724,0.01,62,0.060313122297218504,49.25494765382682,2223.8852130955347,0.35356447523862755,78.31598220079286
ry9,grade,6,7,16103,14724,0.01,63,0.031151237759065642,48.99855610468026,2172.3284392114547,0.09717292609207107,26.75920831671283
ry9,grade,6,7,16103,14724,0.01,64,0.03784680132819172,48.7281861517501,2116.6873702420426,0.17319702683808913,28.881860652699288
ry9,grade,6,7,16103,14724,0.01,65,0.03454234661249972,48.81701317733507,2144.381297707496,0.08437000125312011,1.187933187246017
ry9,grade,6,7,16103,14724,0.01,66,0.040059574729829454,48.704534535817714,2141.774780921692,0.1968486427704761,3.7944499730497228
ry9,grade,6,7,16103,14724,0.01,67,0.02999933291121647,48.525611946953326,2096.1456947519982,0.3757712316348645,49.423536142743615
ry9,grade,6,7,16103,14724,0.01,68,0.03609379092458326,48.80544450538802,2168.488026294122,0.09593867320017324,22.918795399380087
ry9,grade,6,7,16103,14724,0.01,69,0.04785377050254739,48.47875931535067,2119.401830306087,0.42262386323751855,26.1674005886548
ry9,grade,6,7,16103,14724,0.01,70,0.03657628065052934,48.356039313527944,2090.3840307636287,0.5453438650602465,55.185200131113106
ry9,grade,6,7,16103,14724,0.01,71,0.03664841972402496,49.16580716718994,2177.482835208689,0.26442398860174876,31.913604313946962
ry9,grade,6,7,16103,14724,0.01,72,0.05233318766177965,48.110584616395684,2076.7654889358246,0.7907985621925064,68.80374195891727
ry9,grade,6,7,16103,14724,0.01,73,0.030435855448659635,48.05825621204248,2070.464247837901,0.8431269665457108,75.10498305684087
ry9,grade,6,7,16103,14724,0.01,74,0.031502227646491805,47.66284468637388,2054.736842557395,1.2385384922143103,90.83238833734686
ry9,grade,6,7,16103,14724,0.01,75,0.03734558892252327,48.29611927432379,2086.6542074758745,0.6052639042643975,58.91502341886735
ry9,grade,6,7,16103,14724,0.01,76,0.04164204860900074,47.688274214210075,2054.5164989881346,1.2131089643781152,91.05273190660728
ry9,grade,6,7,16103,14724,0.01,77,0.03617462624476658,48.84060601932023,2127.0121796261847,0.06077715926796401,18.55705126855719
ry9,grade,6,7,16103,14724,0.01,78,0.044944133515062594,49.47301858937738,2239.357315112795,0.5716354107891917,93.78808421805297
ry9,grade,6,7,16103,14724,0.01,79,0.0320097564705643,48.8723439508261,2135.993617502415,0.029039227762091002,9.575613392326886
ry9,grade,6,7,16103,14724,0.01,80,0.03827426645238498,48.60664162887204,2100.9204089731234,0.2947415497161501,44.64882192161849
ry9,grade,6,7,16103,14724,0.01,81,0.03257697278195668,48.16066981509616,2081.7829710717547,0.7407133634920271,63.78625982298718
ry9,grade,6,7,16103,14724,0.01,82,0.040562267726176264,49.33145663963751,2213.0283478109022,0.430073461049318,67.45911691616038
ry9,grade,6,7,16103,14724,0.01,83,0.04018104656088863,48.9646631284425,2154.7703159319854,0.06327994985431218,9.201085037243502
ry9,grade,6,7,16103,14724,0.01,84,0.04273488504022651,48.79760797909027,2150.4790483157294,0.10377519949791747,4.909817420987565
ry9,grade,6,7,16103,14724,0.01,85,0.029946195768975958,48.911462910538674,2134.150642718309,0.010079731950483506,11.418588176432877
ry9,grade,6,7,16103,14724,0.01,86,0.03383962874153932,48.92228711248743,2174.749572121983,0.020903933899241167,29.180341227241115
ry9,grade,6,7,16103,14724,0.01,87,0.03985083477605472,48.553343454389484,2102.113077736447,0.3480397241987063,43.45615315829491
ry9,grade,6,7,16103,14724,0.01,88,0.04223760584594769,47.164392635547784,2016.4846696635002,1.736990543040406,129.08456123124165
ry9,grade,6,7,16103,14724,0.01,89,0.026009381262813814,48.839180751099825,2144.867808508651,0.062202427488365686,0.7014223860910533
ry9,grade,6,7,16103,14724,0.01,90,0.05475962881532015,48.65104044817771,2155.2809224584767,0.2503427304104804,9.711691563734803
ry9,grade,6,7,16103,14724,0.01,91,0.04031515402549891,48.56404521061484,2129.4489120814396,0.3373379679733475,16.12031881330222
ry9,grade,6,7,16103,14724,0.01,92,0.0304996087468772,48.687034593029054,2147.1027218540075,0.2143485855591365,1.5334909592656913
ry9,grade,6,7,16103,14724,0.01,93,0.032330019891202176,48.67024973326507,2138.0676605427802,0.23113344532312396,7.501570351961618
ry9,grade,6,7,16103,14724,0.01,94,0.03781798161814205,48.034761326636044,2080.7976926843025,0.8666218519521465,64.7715382104393
ry9,grade,6,7,16103,14724,0.01,95,0.035048196424049105,48.69695759445358,2110.3522837033283,0.20442558413461143,35.21694719141351
ry9,grade,6,7,16103,14724,0.01,96,0.05031755096425577,49.083406093169124,2191.6112871547375,0.18202291458093356,46.04205625999566
ry9,grade,6,7,16103,14724,0.01,97,0.044523017188046875,48.890240617758586,2120.201167691666,0.01114256082960452,25.368063203075963
ry9,grade,6,7,16103,14724,0.01,98,0.050287221962974187,48.505702272328115,2117.0524274449704,0.39568090626007546,28.516803449771487
ry9,grade,6,7,16103,14724,0.01,99,0.02899543371340431,49.077514004959006,2169.015625181833,0.1761308263708159,23.446394287091152
ry9,grade,6,7,16103,14724,0.02,0,0.07207662882137328,48.57951255439502,2122.8918105936727,0.32187062419316703,22.677420301069105
ry9,grade,6,7,16103,14724,0.02,1,0.07437786001822529,48.39155836897248,2090.23959569326,0.5098248096157079,55.32963520148178
ry9,grade,6,7,16103,14724,0.02,2,0.07221755485444147,49.9411285899444,2253.4640391215457,1.0397454113562077,107.89480822680389
ry9,grade,6,7,16103,14724,0.02,3,0.07600495431662559,48.64781277890883,2144.341602437433,0.25357039967936146,1.227628457309038
ry9,grade,6,7,16103,14724,0.02,4,0.07291846881497108,49.09516578044468,2161.7937323817523,0.19378260185649054,16.224501487010457
ry9,grade,6,7,16103,14724,0.02,5,0.08532933309950116,48.8963090278104,2167.073064018447,0.0050741507777871675,21.503833123705135
ry9,grade,6,7,16103,14724,0.02,6,0.07389415355772994,48.506113689958745,2102.0976174733696,0.3952694886294452,43.47161342137224
ry9,grade,6,7,16103,14724,0.02,7,0.06547620591633783,47.81009791333749,2063.9093748565233,1.091285265250697,81.65985603821855
ry9,grade,6,7,16103,14724,0.02,8,0.07204431853888636,48.077573249366424,2078.97742080904,0.8238099292217669,66.59181008570204
ry9,grade,6,7,16103,14724,0.02,9,0.05760443968309677,47.5041011527262,2042.3889672165462,1.3972820258619905,103.18026367819562
ry9,grade,6,7,16103,14724,0.02,10,0.07310070126383354,49.08779454789586,2156.5451819895625,0.18641136930767033,10.97595109482063
ry9,grade,6,7,16103,14724,0.02,11,0.07046385997788242,46.95952134897998,2013.9649253452371,1.9418618296082073,131.60430554950472
ry9,grade,6,7,16103,14724,0.02,12,0.06822145378401924,48.63410375571671,2097.9269677654447,0.2672794228714821,47.642263129297135
ry9,grade,6,7,16103,14724,0.02,13,0.08840700287218757,49.12475356504761,2216.3283479287843,0.22337038645942187,70.75911703404245
ry9,grade,6,7,16103,14724,0.02,14,0.08538218884127408,47.85989903795968,2057.759672193085,1.041484140628512,87.8095587016569
ry9,grade,6,7,16103,14724,0.02,15,0.06541876476586739,48.94319594421561,2133.0720456257973,0.041812765627419424,12.497185268944577
ry9,grade,6,7,16103,14724,0.02,16,0.06128397754120938,48.67943316252024,2137.0169197801374,0.22195001606795017,8.552311114604436
ry9,grade,6,7,16103,14724,0.02,17,0.10244078270811396,50.356268570567565,2315.619171549078,1.4548853919793743,170.0499406543363
ry9,grade,6,7,16103,14724,0.02,18,0.03938809925931559,48.54506612348749,2113.9475609178176,0.35631705510070333,31.621669976924295
ry9,grade,6,7,16103,14724,0.02,19,0.0507063399291768,48.35510382820115,2091.7368734236966,0.5462793503870387,53.83235747104527
ry9,grade,6,7,16103,14724,0.02,20,0.06578534431129664,48.97673137894103,2138.673535717422,0.07534820035284184,6.895695177319794
ry9,grade,6,7,16103,14724,0.02,21,0.09746723305743055,46.748601243676106,1937.6346816191265,2.1527819349120847,207.93454927561538
ry9,grade,6,7,16103,14724,0.02,22,0.09246061739110233,51.13015492944375,2363.1456916277707,2.2287717508555573,217.57646073302885
ry9,grade,6,7,16103,14724,0.02,23,0.04898619501642012,48.99058733700124,2181.907534645015,0.08920415841304674,36.3383037502731
ry9,grade,6,7,16103,14724,0.02,24,0.08114709019140749,47.02298741633386,1925.1050437258853,1.8783957622543284,220.4641871688566
ry9,grade,6,7,16103,14724,0.02,25,0.07883744774048596,51.447602814107626,2383.3050389903688,2.546219635519435,237.7358080956269
ry9,grade,6,7,16103,14724,0.02,26,0.09611895464358497,48.5453795845394,2141.191887219192,0.35600359404879356,4.377343675550037
ry9,grade,6,7,16103,14724,0.02,27,0.07119725245325015,48.51836316012791,2164.8229689733116,0.3830200184602788,19.253738078569768
ry9,grade,6,7,16103,14724,0.02,28,0.0877799455201649,49.32766082221204,2162.874697262303,0.42627764362384823,17.305466367561166
ry9,grade,6,7,16103,14724,0.02,29,0.09076338105793626,49.906814400418135,2302.6541392199906,1.0054312218299444,157.08490832524876
ry9,grade,6,7,16103,14724,0.02,30,0.08542588842636391,50.47033410866022,2339.562244197726,1.5689509300720275,193.9930133029843
ry9,grade,6,7,16103,14724,0.02,31,0.09647004627815756,48.395506019094974,2137.5824032764694,0.5058771594932168,7.9868276182724
ry9,grade,6,7,16103,14724,0.02,32,0.052984783239893155,49.363199468972326,2227.335498113058,0.4618162903841352,81.76626721831599
ry9,grade,6,7,16103,14724,0.02,33,0.05757846461975941,48.42764067474468,2127.2642794114954,0.4737425038435106,18.30495148324644
ry9,grade,6,7,16103,14724,0.02,34,0.07104496751964332,49.26764282642917,2204.2342437530383,0.36625964784097675,58.66501285829645
ry9,grade,6,7,16103,14724,0.02,35,0.08124675414927765,50.088009581908864,2310.239835688155,1.1866264033206733,164.67060479341308
ry9,grade,6,7,16103,14724,0.02,36,0.07268112671679622,48.74222822730988,2173.0290259076496,0.15915495127831036,27.45979501290776
ry9,grade,6,7,16103,14724,0.02,37,0.07839750852892614,48.464653568014725,2135.6225711885654,0.43672961057346527,9.946659706176433
ry9,grade,6,7,16103,14724,0.02,38,0.06290082930283249,48.566817381792674,2098.5335393483333,0.33456579679551623,47.03569154640854
ry9,grade,6,7,16103,14724,0.02,39,0.07246760604829516,48.10928179389869,2110.4628733329064,0.7921013846895022,35.106357561835466
ry9,grade,6,7,16103,14724,0.02,40,0.06682474592462222,49.37561056749638,2227.609743680614,0.47422738890819005,82.04051278587212
ry9,grade,6,7,16103,14724,0.02,41,0.0874917852219566,48.8302079284889,2156.5196934477326,0.07117525009928727,10.950462552990757
ry9,grade,6,7,16103,14724,0.02,42,0.0803851111455174,48.92903632076137,2111.3794858672322,0.027653142173178935,34.189745027509616
ry9,grade,6,7,16103,14724,0.02,43,0.06304477974252133,49.06771344925789,2143.370670059863,0.16633027066969674,2.1985608348786627
ry9,grade,6,7,16103,14724,0.02,44,0.042575198725115185,49.224796618896235,2195.9212185120055,0.32341344030804464,50.3519876172636
ry9,grade,6,7,16103,14724,0.02,45,0.061052215823636374,49.01562503852254,2156.6848814838536,0.11424185993435287,11.115650589111738
ry9,grade,6,7,16103,14724,0.02,46,0.0923588561382447,49.59993603059834,2248.3994797881383,0.6985528520101525,102.8302488933964
ry9,grade,6,7,16103,14724,0.02,47,0.07410589707449416,48.973498811843214,2162.6691175478727,0.07211563325502368,17.099886653130852
ry9,grade,6,7,16103,14724,0.02,48,0.04296336034516813,48.8483788738418,2178.203896307337,0.05300430474638773,32.63466541259504
ry9,grade,6,7,16103,14724,0.02,49,0.04976630622620813,49.34770273821853,2213.44006436636,0.4463195596303393,67.87083347161797
ry9,grade,6,7,16103,14724,0.02,50,0.12822520184122885,48.544169820792185,2153.8532855527114,0.35721335779600594,8.284054657969591
ry9,grade,6,7,16103,14724,0.02,51,0.10317527459789494,47.71627020440878,2054.5107884405115,1.185112974179411,91.05844245423032
ry9,grade,6,7,16103,14724,0.02,52,0.048329042527219875,48.96425171081187,2138.6318905042685,0.06286853222368194,6.9373403904733095
ry9,grade,6,7,16103,14724,0.02,53,0.03170434201061269,48.312580877378,2084.5108021741357,0.588802301210194,61.058428720606116
ry9,grade,6,7,16103,14724,0.02,54,0.08549775305980938,48.94769704900788,2159.6575697257795,0.04631387041968793,14.088338831037618
ry9,grade,6,7,16103,14724,0.02,55,0.06247902831433892,48.22728028862702,2075.236176426039,0.6741028899611692,70.33305446870281
ry9,grade,6,7,16103,14724,0.02,56,0.0929594824858373,49.54807291999406,2227.5859265185763,0.6466897414058721,82.0166956238345
ry9,grade,6,7,16103,14724,0.02,57,0.10231090612406007,49.13184072351814,2206.5283517993657,0.23045754492994774,60.95912090462389
ry9,grade,6,7,16103,14724,0.02,58,0.08585284964528116,49.17931537939568,2176.233339532433,0.27793220080749137,30.664108637691243
ry9,grade,6,7,16103,14724,0.02,59,0.08734041263197374,48.61835723568717,2140.48224721579,0.2830259429010198,5.086983678952038
ry9,grade,6,7,16103,14724,0.02,60,0.06816288627320548,49.661403783746294,2232.366490568974,0.760020605158104,86.79725967423201
ry9,grade,6,7,16103,14724,0.02,61,0.07884139578303524,48.13081754773068,2082.820340796061,0.7705656308575115,62.74889009868093
ry9,grade,6,7,16103,14724,0.02,62,0.06040242860900481,48.743002084281784,2142.379123998191,0.15838109430640657,3.1901068965507875
ry9,grade,6,7,16103,14724,0.02,63,0.08897617189396406,47.02844359776867,2032.126834574608,1.8729395808195193,113.44239632013387
ry9,grade,6,7,16103,14724,0.02,64,0.0614541633365813,48.95707149359156,2199.918462566498,0.05568831500337268,54.349231671756115
ry9,grade,6,7,16103,14724,0.02,65,0.0848637448408276,48.32033414058383,2116.5355532442586,0.5810490380043589,29.03367765048324
ry9,grade,6,7,16103,14724,0.02,66,0.0749980364971506,49.16334845706402,2233.4474554495246,0.2619652784758273,87.87822455478272
ry9,grade,6,7,16103,14724,0.02,67,0.07358682164394585,49.52610125938675,2255.572206166001,0.6247180807985586,110.00297527125895
ry9,grade,6,7,16103,14724,0.02,68,0.0465620381608855,49.07378675713864,2178.500287657139,0.1724035785504512,32.93105676239702
ry9,grade,6,7,16103,14724,0.02,69,0.08117362151705418,49.060131610064815,2177.8324321485393,0.15874843147662432,32.26320125379743
ry9,grade,6,7,16103,14724,0.02,70,0.13556784375083739,47.368054158368366,2047.4824971330174,1.5333290202198242,98.08673376172442
ry9,grade,6,7,16103,14724,0.02,71,0.09236086919101665,46.28390502987755,1977.4469482673114,2.6174781487106387,168.12228262743042
ry9,grade,6,7,16103,14724,0.02,72,0.052890688752126824,49.10361453535944,2164.9864856296404,0.20223135677125015,19.417254734898506
ry9,grade,6,7,16103,14724,0.02,73,0.08214305245320919,48.81239942247727,2174.174060346898,0.08898375611092035,28.604829452156082
ry9,grade,6,7,16103,14724,0.02,74,0.09854403411248196,46.75838710589042,2001.354504095377,2.1429960726977697,144.21472679936483
ry9,grade,6,7,16103,14724,0.02,75,0.05910146671903914,48.833886198019904,2138.588852474622,0.06749698056828635,6.980378420119905
ry9,grade,6,7,16103,14724,0.02,76,0.07507263900371842,49.0682179256383,2205.81314052999,0.16683474705011037,60.2439096352482
ry9,grade,6,7,16103,14724,0.02,77,0.06338751059375639,46.89549692912738,1964.6711996996812,2.005886249460808,180.89803119506064
ry9,grade,6,7,16103,14724,0.02,78,0.10725400742646682,47.13985451257796,2030.4171523289235,1.7615286660102285,115.15207856581833
ry9,grade,6,7,16103,14724,0.02,79,0.07203568744953297,48.90752995390299,2166.5722072074095,0.006146775314796571,21.00297631266767
ry9,grade,6,7,16103,14724,0.02,80,0.07917420365886166,48.96673980791141,2196.024426214168,0.06535662932321884,50.455195319426366
ry9,grade,6,7,16103,14724,0.02,81,0.0781610131632978,48.697300442479104,2162.797256665268,0.20408273610908623,17.228025770526074
ry9,grade,6,7,16103,14724,0.02,82,0.09994002535908432,48.58128556846989,2141.6806265267364,0.32009761011830307,3.888604368005417
ry9,grade,6,7,16103,14724,0.02,83,0.08948706023289903,46.97956326498647,1948.6354248475302,1.9218199136017233,196.93380604721165
ry9,grade,6,7,16103,14724,0.02,84,0.09620381437369212,48.95702741313114,2162.9280421340013,0.05564423454294598,17.358811239259467
ry9,grade,6,7,16103,14724,0.02,85,0.09906028327045786,46.41190489129339,1977.0011077077647,2.4894782872948014,168.56812318697712
ry9,grade,6,7,16103,14724,0.02,86,0.06059468228674316,48.375454307430616,2122.976772399772,0.5259288711575749,22.592458494969833
ry9,grade,6,7,16103,14724,0.02,87,0.060781912224315456,47.65154539501832,2064.607733046329,1.2498377835698733,80.96149784841282
ry9,grade,6,7,16103,14724,0.02,88,0.06701359422207434,48.90621243791918,2155.351816817992,0.004829259330989544,9.78258592325028
ry9,grade,6,7,16103,14724,0.02,89,0.07629066082069831,48.10183219608689,2126.0529469071603,0.7995509825013016,19.516283987581573
ry9,grade,6,7,16103,14724,0.02,90,0.05798346108549455,47.54755469104721,2041.077769769632,1.35382848754098,104.49146112510994
ry9,grade,6,7,16103,14724,0.02,91,0.09570994917125354,49.3564110780669,2225.6373762442686,0.4550278994787078,80.06814534952673
ry9,grade,6,7,16103,14724,0.02,92,0.07263829947883489,46.245486459702846,1963.3374386255732,2.6558967188853444,182.23179226916864
ry9,grade,6,7,16103,14724,0.02,93,0.08657812728659839,49.2848684907974,2203.0655314334017,0.3834853122092099,57.49630053865985
ry9,grade,6,7,16103,14724,0.02,94,0.06841822433741149,48.20945219129964,2086.3122710267376,0.6919309872885506,59.25695986800429
ry9,grade,6,7,16103,14724,0.02,95,0.058460573770991016,49.18661314451046,2192.528874660609,0.28522996592226946,46.959643765866986
ry9,grade,6,7,16103,14724,0.02,96,0.08675492584868634,49.88439703737764,2267.6238294386967,0.9830138587894481,122.05459854395485
ry9,grade,6,7,16103,14724,0.02,97,0.06931326177586697,48.81127292182197,2146.285834980611,0.09011025676622353,0.7166040858692213
ry9,grade,6,7,16103,14724,0.02,98,0.07542560477412089,47.77882037775161,2059.4238093394342,1.122562800836583,86.14542155530762
ry9,grade,6,7,16103,14724,0.02,99,0.07174457078252412,46.99079888456587,1990.5408161220407,1.9105842940223212,155.02841477270113
