row_index,true_label,mean_prob_incompatible,std_prob_incompatible,exp_code,P_matrix_question,source_file,group_size_ratio,active_categories_X,active_categories_Y,degenerate_X,degenerate_Y,sparse_count_X,sparse_count_Y,asymmetry_P,all_rows_diagonal_mode_P,pred_v1
0,0,0.7416791264986273,0.16738442153700409,orthog_B_3_large_classes_134,ry5,orthog_B_3_large_classes_feature_output_df.csv,120.36111111111111,3,4,0,0,1,0,0.01032125,1,1
4,0,0.7323736487563399,0.12379483776333869,orthog_B_3_large_classes_2004,phq4,orthog_B_3_large_classes_feature_output_df.csv,112.75,4,4,0,0,0,0,0.006866375,1,1
13,0,0.49284314656428185,0.1388950436563158,orthog_B_4_4345,ry24,orthog_B_4_feature_output_df.csv,111.33333333333331,4,3,0,0,0,1,0.017455625,1,1
38,0,0.8053764202760776,0.08923366813521313,orthog_B_4_14271,ry28,orthog_B_4_feature_output_df.csv,1.3076923076923077,3,1,0,1,1,3,0.003361,1,1
51,0,0.5158767921733255,0.22608556690469991,orthog_B_4_23234,phq3,orthog_B_4_feature_output_df.csv,63.5,4,4,0,0,0,0,0.004856375,1,1
59,0,0.31848340631740146,0.10998491039506754,orthog_B_4_27808,sun5,orthog_B_4_feature_output_df.csv,2.25,3,2,0,0,1,2,0.01468075,1,1
61,0,0.7514448787879484,0.12634680405006243,orthog_B_4_29608,ry15,orthog_B_4_feature_output_df.csv,52.833333333333336,4,2,0,0,0,2,0.0222865,1,1
67,0,0.4283566965545219,0.15266185974301963,orthog_B_1_2347,ry16,orthog_B_1_feature_output_df.csv,2.5,3,4,0,0,1,0,0.0005438749999999,1,1
75,0,0.7800261182224083,0.12643540530947,orthog_B_1_6718,ry22,orthog_B_1_feature_output_df.csv,108.66666666666669,4,3,0,0,0,1,0.0064708749999999,1,1
88,0,0.41452907902607594,0.12589473201487006,orthog_B_1_11851,ry23,orthog_B_1_feature_output_df.csv,22.17948717948718,2,4,0,0,2,0,0.0121444999999999,1,1
89,0,0.8058285695677834,0.13086227952148208,orthog_B_1_11857,ry18,orthog_B_1_feature_output_df.csv,51.1,4,2,0,0,0,2,0.00509775,1,1
90,0,0.995050483206209,0.002953562406462646,orthog_B_1_12277,ry3,orthog_B_1_feature_output_df.csv,9.2,1,4,1,0,3,0,0.0094181249999999,1,1
93,0,0.4907034291334117,0.25310088211300874,orthog_B_1_13714,ry17,orthog_B_1_feature_output_df.csv,21.25,4,1,0,1,0,3,0.0167161249999999,1,1
96,0,0.4405346149687321,0.18513334935254827,orthog_B_1_16515,ry17,orthog_B_1_feature_output_df.csv,15.516129032258064,4,3,0,0,0,1,0.0167604999999999,1,1
99,0,0.35675116274062835,0.11804400897788278,orthog_B_1_18711,ry18,orthog_B_1_feature_output_df.csv,65.41666666666667,4,4,0,0,0,0,0.0053692499999999,1,1
