threshold,recall_incompatible,precision_incompatible,f1_incompatible,false_negatives,false_positives,true_positives,true_negatives
0.5,0.8857142857142857,0.7948717948717948,0.8378378378378378,4,8,31,81
0.45,0.9142857142857143,0.7619047619047619,0.8311688311688312,3,10,32,79
0.4,0.9428571428571428,0.717391304347826,0.8148148148148148,2,13,33,76
0.35,0.9428571428571428,0.7021276595744681,0.8048780487804879,2,14,33,75
0.3,1.0,0.7,0.8235294117647058,0,15,35,74
0.25,1.0,0.7,0.8235294117647058,0,15,35,74
0.2,1.0,0.6730769230769231,0.8045977011494253,0,17,35,72
0.15,1.0,0.6481481481481481,0.7865168539325843,0,19,35,70
0.1,1.0,0.6140350877192983,0.7608695652173914,0,22,35,67
