simulation,mean_change,max_change
0,0.01928592739518052,0.07740717148568466
1,0.021093114453153976,0.06906002927219407
2,0.021110161307298717,0.04698919338627461
3,0.019263945451926518,0.0464120199008306
4,0.029762683789032122,0.07201752073116324
5,0.034752661890567575,0.08420733239744282
6,0.026507070272363667,0.07413684235650503
7,0.039481525198065914,0.10164893102974493
8,0.021042280161924894,0.06711521166522061
9,0.020200149306374808,0.06535127453010547
10,0.02205719290526702,0.050595492972977496
11,0.03512353363376439,0.11324849742211396
12,0.03248512124880181,0.1391131325282407
13,0.03288274696918882,0.0745094053095432
14,0.02161788864136957,0.05134788246860461
15,0.015219711124487782,0.04261270483044116
16,0.030626552316236025,0.09078999349081834
17,0.018164277547716975,0.06740091533784731
18,0.02891235379644553,0.07315608815408481
19,0.02982534154396685,0.09221081769024642
20,0.043362980519866576,0.10489643428533624
21,0.039140621457173876,0.10086173895279332
22,0.02350470510331322,0.06298547709682734
23,0.02818849197662098,0.0651001333318022
24,0.03293826907255218,0.09936726505050952
25,0.023582212289325562,0.04714536693537197
26,0.036307854619642546,0.16378228365780545
27,0.015793913524903367,0.04850022175841673
28,0.01927957456997237,0.07145407076154128
29,0.017231507793479626,0.06032033193909925
30,0.02407729608211447,0.06260746285239624
31,0.027185492170566435,0.07618777134167382
32,0.02618787755453087,0.07079124850246432
33,0.02268298508760797,0.05995738330979389
34,0.029479471222576215,0.07420197364243519
35,0.016862266125944655,0.05954642369614693
36,0.032490525757701075,0.07851751302495327
37,0.028579634028781317,0.06834892559562272
38,0.018218398367024317,0.055109372653651456
39,0.024754726520627754,0.06049124618249824
40,0.027703157196423855,0.06957621734932497
41,0.03333649783617131,0.07869691928672273
42,0.027971315202476428,0.08538266591196253
43,0.03725031252795109,0.1414199021883601
44,0.028345580209400124,0.07534460795298004
45,0.037615851374782266,0.10688362684232061
46,0.025589524216692416,0.06663853605582262
47,0.03274540017422416,0.08428768352870444
48,0.02147768720784603,0.08053878739663117
49,0.025193770768652465,0.05712251086961914
50,0.028991163402503174,0.07879101101584429
51,0.023138671821300687,0.07118327983256018
52,0.022864111654982016,0.08498050333890333
53,0.03816455677737323,0.14461530260050404
54,0.026650729488154397,0.058584338234549255
55,0.03273937253501452,0.08742035199378506
56,0.0283704996933955,0.1086072296595112
57,0.03322172777927399,0.0978820074761893
58,0.032570988014300584,0.07892654464471233
59,0.031237511571799936,0.10103830759459728
60,0.04227319491205861,0.15290467383538964
61,0.02464823500001885,0.10585933708443074
62,0.0248735385770623,0.06445614641076841
63,0.021286980836226575,0.04524654012817381
64,0.03145800445829465,0.08956561467298585
65,0.02384947429195681,0.049484866173974296
66,0.029084306041370443,0.09068928764745932
67,0.018121341778384096,0.08984208419671944
68,0.03677503016994229,0.10658745821347679
69,0.020022442325021733,0.06515036328133467
70,0.030228850287775756,0.08598704531896445
71,0.028963443769969822,0.08371829581688581
72,0.02979746921054888,0.09518270725682863
73,0.03809536541798156,0.11495236226146655
74,0.032223475900636095,0.1281356276904399
75,0.03246110611341139,0.08228363691184531
76,0.035574215630949035,0.07761012505334597
77,0.028406150225790835,0.06516428286812424
78,0.029797999029261744,0.0733003833526431
79,0.02564764319657823,0.0665526656283863
80,0.030505853801294492,0.098500463631229
81,0.0331881048878077,0.07379112681271638
82,0.028242139234646593,0.08433858323382976
83,0.025993715403959578,0.12174915573601308
84,0.024197926349582597,0.0746941688731877
85,0.02789265907953265,0.09664313293190258
86,0.03318753967149094,0.10446289088580235
87,0.03168523340062884,0.10116251332819737
88,0.01754791886851309,0.044125470271603906
89,0.028780204009632056,0.06942743389255318
90,0.029991561084291393,0.08316289032824026
91,0.04260633051228785,0.1867946369376935
92,0.03828748076231069,0.14873387148267858
93,0.020235280429158044,0.05334817466703558
94,0.024794489810384953,0.06698377493537766
95,0.022165635856582794,0.11816855557814526
96,0.01904636572486962,0.06471349627062783
97,0.020720508564947004,0.04393514041208868
98,0.032289855846911464,0.10013639536471919
99,0.01976910264263456,0.054541791441632514
100,0.02766175613473129,0.06926772860250696
101,0.042125548888204606,0.10320796318309611
102,0.030130861923069963,0.10944238141968399
103,0.019975232037424667,0.06505887287448686
104,0.01407377548521189,0.04877399361962656
105,0.03449250268609883,0.1049505066683929
106,0.024185442496579466,0.09167683170877444
107,0.038241986319521415,0.11565103242902197
108,0.042084188238527664,0.1267123391335046
109,0.04302246874280513,0.09509165429006977
110,0.019906192750795946,0.06269960246419254
111,0.030346570320236715,0.0712836261808395
112,0.02681156635519437,0.08487848490806793
113,0.03131005494199356,0.1419266792420612
114,0.036295382887200425,0.10760187046170033
115,0.023388710930342536,0.05585024022294183
116,0.01815723410402329,0.05158472093605923
117,0.020648379632117842,0.04704194361456382
118,0.02141409572386771,0.05363074408174545
119,0.02210550351256151,0.0703462121736641
120,0.02028534536514898,0.061134721914894885
121,0.02068607090207056,0.04657253611719103
122,0.02229141271219173,0.04996451313248168
123,0.03363841830083786,0.11938144160676145
124,0.026873084282879323,0.06838937980457777
125,0.024620227269494803,0.06485904136355497
126,0.02279472235297946,0.052802873984173715
127,0.02440804461127087,0.1034522918053849
128,0.031625071390879986,0.09677536850233859
129,0.02520209694054708,0.05516238476759139
130,0.03337421037614995,0.1495620485614121
131,0.0330413768829662,0.09050918575184824
132,0.02194399239835186,0.06507282223987387
133,0.02068152767646713,0.04623178095579927
134,0.030469230647883937,0.0754030764043716
135,0.015842168242803094,0.07283870536560871
136,0.02728054244863299,0.08022299044548703
137,0.022605931571352135,0.053912735344587404
138,0.018164694090419813,0.042569967827829625
139,0.025253993358898493,0.05898215308430532
140,0.021580481802516312,0.06404979291795121
141,0.027376743522549582,0.11365865107690021
142,0.029203200147023184,0.09444316316284296
143,0.024890053541619266,0.09015196426791655
144,0.021095541303353324,0.0739830121122228
145,0.029113823632573956,0.0969735733878212
146,0.01639727025937574,0.04945122090042736
147,0.025821359881658193,0.06431731518461747
148,0.0352638789109054,0.10913462676018854
149,0.022364606851123667,0.07142882267248252
150,0.03353885001539335,0.07691234546336878
151,0.025617364010331718,0.06666930722495013
152,0.03453857645886048,0.09440946872584888
153,0.04177445377671731,0.10733957727983892
154,0.02990409274119718,0.09341906212232359
155,0.04116699438034942,0.11945517346137913
156,0.018813861160912607,0.05296446049856157
157,0.021923827014016493,0.053034414126598484
158,0.024840635565255127,0.07305716830868342
159,0.028750660000132492,0.11053163212912948
160,0.026494119920178263,0.0653496595489369
161,0.01613124735557619,0.054036077023240175
162,0.027275879172027562,0.07754774575947099
163,0.03194761782250831,0.08617108950467367
164,0.02966943153429097,0.11543786092915792
165,0.018542563302783734,0.07203589409366201
166,0.025750985068253417,0.05716574242760991
167,0.03265617008182502,0.08572865078197991
168,0.016539428976551352,0.04078057806101254
169,0.03669192810539766,0.0666030454229124
170,0.025853292634912865,0.05349706515529906
171,0.0178546005939193,0.03340053809241522
172,0.02715503258759088,0.0711770002130045
173,0.026615425456759878,0.09707125031483094
174,0.018996191423976405,0.0702916661884847
175,0.021520603843876135,0.07776706359486402
176,0.026189851377525213,0.07481823186834663
177,0.03306952137407281,0.07749602859933669
178,0.0267133324552825,0.09511473894291639
179,0.022734294397615644,0.06245501106269702
180,0.03397569864724432,0.11357288247911679
181,0.021108518592286976,0.06777915339192905
182,0.032115173934379654,0.08438976455852798
183,0.026186569102927628,0.10735038241271144
184,0.020425675628886576,0.037871860087332676
185,0.02482037828901874,0.07043043949512456
186,0.02639704894694027,0.11339901392704521
187,0.02974235853682709,0.04781538944307839
188,0.031671920087583995,0.08551551408113195
189,0.02032300140010656,0.05915777904903663
190,0.030493623903653608,0.08796880230171314
191,0.02720393853614097,0.08274784383005288
192,0.024441216020312878,0.054751726353046704
193,0.017764286476502314,0.06063652343331999
194,0.034019852506833786,0.11589550533679466
195,0.026606900355109844,0.071801135892194
196,0.022239058947550714,0.07917846497177283
197,0.017882621656855318,0.04796437269950815
198,0.0285109133588052,0.09177999696873307
199,0.034491482929783684,0.08914846687096956
200,0.030965105252731363,0.0913452682341872
201,0.03109556852970212,0.07543737255329436
202,0.04153378898950956,0.10696841340967489
203,0.029852065483538793,0.08773701436010439
204,0.03082775744542552,0.1265188009903344
205,0.024318991698980427,0.06124635865929551
206,0.03538661513031448,0.10274439681807568
207,0.030783757323888345,0.06974532990109039
208,0.024088907975060303,0.07678748409323483
209,0.02398839210460224,0.07619936597001589
210,0.01887064473126879,0.0682489877089777
211,0.024540944222444596,0.11234664312277398
212,0.024622406631883358,0.06516159749553313
213,0.032350865001298856,0.061630394363887814
214,0.022912878147694975,0.08860039662504804
215,0.03566521220221014,0.10578859992049044
216,0.030065130114706386,0.1117533426232642
217,0.026098665920798098,0.07403334366897557
218,0.0250167426874474,0.0593325780790831
219,0.04738331501114256,0.11432784998878887
220,0.011499950370864973,0.03847054772883429
221,0.03359363594591615,0.08745419965526324
222,0.03475675502343656,0.10645981603148724
223,0.022080972015959637,0.06228021095780312
224,0.018215664510115956,0.05354991174628048
225,0.022082804643708338,0.05445486884930051
226,0.023043239830605224,0.05378157557756513
227,0.01981491734751693,0.058106206463862
228,0.024540333361845683,0.07439934634399176
229,0.023778106688288798,0.09061050449378438
230,0.022764536861069815,0.06889744393271335
231,0.03292569375920069,0.07725858459475637
232,0.010885380590862716,0.04406003907871037
233,0.0228874053693382,0.06614884570466933
234,0.026420282213906354,0.055305673740728
235,0.024525454140905706,0.06851224700745034
236,0.009926198108394093,0.04067325502767355
237,0.022996666810117892,0.06717140568122104
238,0.020834163272717122,0.058656883194663556
239,0.031374120500553576,0.08524339233624056
240,0.02919810000081046,0.09694564502673675
241,0.02494904907837604,0.06866067558196981
242,0.01844066252982653,0.04877189717448538
243,0.03135948238202586,0.06415266296473436
244,0.019387812487934322,0.05694546470228945
245,0.03363260876470826,0.10102945662548968
246,0.042698458775381865,0.1234905072187299
247,0.018309077992735644,0.05203759302006228
248,0.018172936495646965,0.05210585614848784
249,0.03885177180724546,0.09075831477853274
250,0.028756475281279385,0.07984202867117535
251,0.021630904653930062,0.09860910136200429
252,0.02463887616798278,0.059515130627016855
253,0.032989616469586897,0.11121466363770699
254,0.04387902583471176,0.15894249464991173
255,0.02874211376883351,0.05801250677781011
256,0.02588877870904024,0.08177909416684381
257,0.029627486435395322,0.09852801711118747
258,0.02915412553503217,0.06339981142885215
259,0.024722165008476522,0.09067843241313844
260,0.0303012861138277,0.10430858109245061
261,0.028192185079026003,0.0711071403979151
262,0.023614766295898666,0.05986988639084817
263,0.02735009358250282,0.09984892214897678
264,0.023518143364389878,0.04450830408069345
265,0.015106851527484703,0.06318833816204644
266,0.027832164758312444,0.08920749693627522
267,0.017944299894196797,0.05370063785901524
268,0.028380206513529595,0.06883659887746951
269,0.025999696276994763,0.06227384473303865
270,0.025470263614881417,0.1427723843637369
271,0.019945348817283715,0.08996413772807688
272,0.019635582353515348,0.052999682151388394
273,0.035137674054551,0.1113361779351425
274,0.0250163575345326,0.07585248377290243
275,0.024481062944331916,0.059314639007189335
276,0.02241779891112032,0.0722169165317587
277,0.029093487509900984,0.08884143105333026
278,0.0313110618623817,0.0685212127043317
279,0.02781397152408406,0.06944540655924014
280,0.021282502772317743,0.0512822926843598
281,0.032490105635167923,0.11009190074912606
282,0.021603553228404574,0.0905163012360427
283,0.03166201073609743,0.07877087205814193
284,0.021391636202165096,0.06137204916264116
285,0.02486223842588734,0.05995174996083641
286,0.029708607115955497,0.08578767318849911
287,0.032634977745002965,0.06986051243716562
288,0.016890102310344737,0.03653319552527037
289,0.04142058462561372,0.10025240653667045
290,0.02140230053865271,0.0877873949077248
291,0.034181924275789824,0.1249112255125586
292,0.014806187739630959,0.05071190039245849
293,0.019597957395691395,0.04614654968330406
294,0.017366602740032537,0.07130860453074717
295,0.021417896682191465,0.07955201219954552
296,0.02415785774194145,0.057226980908525515
297,0.023171490552989005,0.05764453731051866
298,0.020328714056342775,0.05876440828956943
299,0.03099828813955873,0.07599412244701889
